is_sarcastic,headline
0,Zoomers Boast They Sabotaged Trump Rally Turnout With Fake Reservations
0,Millions Are Unemployed. Crises Abound. Is It Time To Guarantee Public Service Jobs?
0,Investing In Harm Reduction Must Be Included In The Movement To Defund Police
0,"UK Stabbing Attack Declared A Terrorist Incident, Police Say"
0,"Minneapolis Shooting Leaves 1 Dead, 11 Injured"
0,Trump Uses Racist Terms 'Kung Flu' And 'Chinese Virus' To Describe COVID-19
0,"Trump Camp Lashes Media, 'Radical Protesters' For Lackluster Rally Turnout"
0,"After Weeks Of Anticipation, Trump Rally Crowd Underwhelms"
0,Twin Trump 'Bunker Baby' Balloons Make The Scene Ahead Of Tulsa Rally
0,North Face Becomes Biggest Brand To Pull Ads From Facebook In #StopHateforProfit Movement
0,Trump Fires U.S. Attorney Who Led Probes Of The President's Men
0,6 Staffers Working On Trump's Tulsa Rally Test Positive For COVID-19
0,Community Wants Answers After LA Deputies Fatally Shoot Teen Who Ran From Them
0,Police Arrest Peaceful Protester Sitting Alone By Trump Rally Venue
0,Joe Biden Raised More Money Than Donald Trump For The First Time
0,Eskimo Pie Drops 'Derogatory' Name After Nearly A Century
0,Judge Rejects White House Request To Block John Bolton's New Book
0,Florida Governor Ripped For Trying To Pin COVID-19 Spike On Hispanic Workers
0,3 Congressional Races To Watch In New York's Democratic Primary
0,The Coronavirus Pandemic Doesn't Care That We're All Bored With It
0,Mick Mulvaney Spectacularly Self-Owns With His 'One Criticism' Of Donald Trump
0,Tulsa Health Official Has A Stark Wake-Up Call For People Attending Trump Rally
0,What Reforming Police Unions Might Look Like
0,Robert E. Lee Statue Sleeps With The Fishes In Jim Carrey’s New Cartoon
0,Fox News' John Roberts Uses War Analogy To Describe Preparing For Trump Rally In Pandemic
0,Susan Rice Explains Exactly Why Trump's White House Is 'Racist To Its Core'
0,Scathing Supercut Shows How Quickly Trump Flips On His Once Most Trusted Aides
0,"Trump's 'Racist' Toddler Video Removed By Facebook,Twitter After Parent Complains"
0,"50 Years After MLK, Pastors Lead A New Poor People's March"
0,"William Barr Says U.S. Attorney In Manhattan Is Resigning. U.S. Attorney Says No, He's Not."
0,US Attorney Who Oversaw Cases Of Trump Allies Steps Down
0,Trump Compared To Segregationist George Wallace In Scathing Republican Ad
0,"Pressed Repeatedly To Say ‘Black Lives Matter,’ Mike Pence Says ‘All Lives Matter’"
0,Anthony Fauci Warned White House That Tulsa Rally Would Be Dangerous: Report
0,Twitter Users Give Trump's Tulsa Rally Another Name: 'Coronapalooza'
0,GOP Candidate Says Black Democratic Opponent Is 'NOT For ALL Virginians'
0,"Little Sign Of COVID Spike After Nationwide Protests, But Officials Remain Cautious"
0,Trump Sets The Stage For Mayhem At Tulsa Rally
0,Thomas Jefferson Descendant Calls For Removal Of His Famous Ancestor's Statues
0,Juneteenth Will Be An Official Holiday In New York City Starting In 2021
0,The Real Looters Of The Bronx
0,Judge Doubts White House Can Keep Bolton Book Away From Public
0,Coloradans Are Getting Mysterious Texts Bashing Democratic Senate Candidate John Hickenlooper
0,Court Says Trump Rally Attendees Don't Have To Wear Masks
0,Melania Trump Posts Juneteenth Tweet And Gets Reminded Of 'Birther' Past
0,Navy Upholds Firing Of Carrier Captain In Virus Outbreak
0,Juneteenth Brings Anti-Racism Protesters Out From Coast To Coast
0,"TSA Worsened Coronavirus Pandemic, Whistleblower Says"
0,"More Lawmakers, Including Republicans, Support A Juneteenth National Holiday"
0,Donald Trump Vows To Keep Trying To End Dreamer Protections
0,Louisville Officer Is Being Fired 3 Months After Fatally Shooting Breonna Taylor
0,Most Americans Want Juneteenth To Become A National Holiday
0,Trump Threatens Protesters On Juneteenth
0,Exclusive: UK Charities And Schools Blasted For Hosting Mock 'Slave Auctions'
0,Street Art Takes A Stand Against Racism In Solidarity With Black Lives Matter
0,The Worst Of The Coronavirus Pandemic Is Still To Come
0,Malala Graduates From Oxford 8 Years After Surviving Taliban Gunmen
0,Arnold Schwarzenegger Goes Full Terminator On People Politicizing Face Masks
0,Charles Booker Suddenly Has Progressives Excited About Kentucky
0,Conservative Columnist Underscores The Magnitude Of What Bolton’s Book Reveals
0,"Trump Insists He's Healthy, Says West Point Ramp 'Was Like An Ice Skating Rink'"
0,Twitter Users Take Eric Trump To The Woodshed For Lame Swipe At Biden
0,Tennessee Lawmakers Advance 6-Week Abortion Ban In Overnight Vote
0,'Into the Wild' Bus Removed From Alaska Backcountry
0,Twitter Adds 'Manipulated Media' Tag To Trump Tweet About 'Racist Baby'
0,Oklahoma Republicans Speak Out Against Trump Ahead Of Tulsa Rally
0,Fauci Warns Of Troubling ‘Anti-Science’ Beliefs As Nation Battles Coronavirus
0,"Klobuchar Withdraws From VP Search, Says Biden Should Select Woman of Color"
0,Republicans Running Anti-China Campaigns Shrug Off Trump Seeking China Reelection Help
0,Senior State Department Official Resigns Over Trump’s Response To Racial Injustice
0,Americans Are Losing Faith In What The Government Says About Coronavirus
0,"Interior Dept. Consulted ‘Junk Science’ Troll On ‘Transparency’ Rule, Emails Show"
0,The Supreme Court’s Landmark LGBTQ Rights Decision Didn't Address One Crucial Thing
0,CBS Reporter Paula Reid Asks Trump Question All Journalists Should Ask
0,‘We’re Here To Stay’: Dreamers Celebrate DACA Ruling
0,Effigy Found Near California Park Where Nooses Were Recently Removed
0,Florida Sees Record Number Of Coronavirus Cases As Experts Eye Possible New Epicenter
0,"California Issues New, Stricter Statewide Mask Requirement"
0,Facebook Takes Down Trump Campaign Ads Featuring Nazi Iconography
0,Genetically Modified 'Friendly' Mosquitoes Approved For Insect Population Control In the U.S.
0,Senate Confirms Mitch McConnell's 38-Year-Old Protege To Powerful Court Seat
0,Republicans Dismiss Bombshell John Bolton Allegations Against Trump
0,Lin-Manuel Miranda Burns John Bolton For Using 'Hamilton' Song As Book Title
0,Trump Begging Xi For Election Help May Crimp His Efforts To Paint Biden As Soft On China
0,The Trump Administration Has Left Workplace Safety Up To Your Boss
0,Millions Of Hydroxychloroquine Pills That Trump Touted For COVID-19 Are Now In Limbo
0,Video Shows 6 American Oil Executives Jailed In Venezuela
0,Democrats Call For Permanent Protection Of Dreamers After Supreme Court’s DACA Ruling
0,Trump Takes Credit For 'Making Juneteenth Famous' In Dumbfounding Interview
0,Former U.S. Ambassador Jean Kennedy Smith Dies At 92
0,Twitter Users Pile On Trump After He Asks If Supreme Court Dislikes Him
0,"Obama Praises Supreme Court DACA Ruling, Says Biden Would Protect Dreamers"
0,Nancy Pelosi Removes Portraits Of Confederate House Speakers From U.S. Capitol
0,Federal Prison Riot Team That Patrolled D.C. Streets Injured Colleagues In Training Exercises
0,Trump Rips Supreme Court Ruling That Saves DACA: 'Shotgun Blasts Into The Face'
0,GOP Sheriff Who Refused To Enforce Coronavirus Lockdown Tests Positive At White House
0,"Supreme Court Rules Trump Wrongly Ended DACA, Leaves Program In Place"
0,The Tentative Return of Summer Fun Has Begun In Europe
0,"Why Biden Is Trouncing Trump With Young Voters: ‘Old Is Way, Way Better Than Liar’"
0,Atlanta Police Officers Call Out Of Work After Officers Charged In Rayshard Brooks Case
0,1.5 Million More Americans Sought Unemployment Claims Last Week
0,"John Bolton: Trump Not Fit For Office, Putin Thinks He Can 'Play Him Like A Fiddle'"
0,Jennifer McClellan Could Make History As Virginia's First Black Female Governor
0,Tucker Carlson’s Racist Rhetoric Laid Bare With The Help Of Some... Rabbits
0,GOP Senator Tells Trump Fans At High Risk For Coronavirus To Skip Rally
0,Trump's Midnight Twitter Rant Against Bolton Backfires Spectacularly
0,'Disturbing’ Ivanka Trump Emails Resurface In Wake Of Bolton Book
0,WaPost Board: Pence Destroys Own Credibility By Ignoring Coronavirus Reality
0,Honduras President Hospitalized With COVID-19 And Pneumonia
0,Chris Hayes Goes To Town On ‘Morally Odious’ Bolton: Trying To 'Cash In On Betrayal'
0,Rep. Cedric Richmond Calls Out Matt Gaetz In Fiery Exchange: 'Was That A Nerve?'
0,"Trump Says Police Killing Of Rayshard Brooks ‘Terrible,’ But ‘You Can’t Resist’ Officers"
0,Trump Excoriates John Bolton Ahead Of Book Release: 'He Is A Liar'
0,Justice Department Seeks Restraining Order Against John Bolton Over New Book
0,Welcome To The Mask Wars
0,Israel Hawks Are Scrambling To Save Democratic Rep. Eliot Engel
0,‘That 70s Show’ Actor Danny Masterson Charged With Raping 3 Women
0,Bolton Claims Trump Encouraged Xi To Build 'Concentration Camps' For Uighurs
0,Boy Scouts Of America Will Require Eagle Scouts To Earn New Diversity Badge
0,California Police Investigating Nooses Found In Trees As A Hate Crime
0,Former Atlanta Cop Charged With Murder In Death Of Rayshard Brooks
0,White House Won't Say If Medical Professionals OK'd Trump Rally
0,ACLU Drags John Bolton's Record After He Retweets Support Of His Book Release
0,Tulsa Health Official Urges Rally Postponement As Oklahoma Sees Spike In COVID-19 Cases
0,Bolton Claims Trump Asked China's President For Favor To Boost Reelection Chances
0,Atlanta Megachurch Pastor Apologizes For 'Blessing Of Slavery' Comment
0,Iowa Governor Will Restore Voting Rights To Felons
0,"5 Years After Charleston Church Shooting, South Carolina Protects Racist Monuments"
0,Assault Charges For Missouri Detective Accused Of Hitting Protester With SUV
0,Senate Passes Major Public Lands Bill
0,"Democrats Knock GOP Police Reform Bill, Call For 'Improvement'"
0,COVID-19 And Protests: Views from HuffPost Readers
0,Don Winslow Exposes The Art Of Trump’s Fake Victory Lap
0,Coronavirus Live Updates: Read The Latest About The COVID-19 Outbreak
0,"Carol Barr, Wife Of GOP Rep. Andy Barr, Dies Suddenly At Age 39"
0,The Police Aren't Very Good At Their Main Job: Solving Crimes
0,Why The World Is More Worried Than Ever About A 2nd Wave
0,Uncle Ben’s ‘Evolving’ Its Brand Identity After Aunt Jemima Name Change
0,Mississippi Official: Black People 'Dependent' Since Slavery
0,Aunt Jemima To Change Name After Acknowledging 'Racial Stereotype'
0,GOP Cowardice On Trump Takes Center Stage In Scathing New Supercut
0,Anthony Fauci Hasn’t Talked With Trump About Coronavirus In 2 Weeks
0,"Russia Sets Up 'Disinfection Tunnel' To Protect Putin From Virus, State Media Says"
0,Inside The Dangerous Online Fever Swamps Of American Police
0,'As Pathetic As It Is Reckless': Mike Pence Hammered Over Coronavirus Op-Ed
0,Trump Gets Hit With Blunt Fact-Check For AIDS Vaccine Falsehood
0,Book By Trump’s Niece To Reveal He ‘Derided’ Father’s Alzheimer’s Struggles
0,Honduran President Diagnosed With COVID-19
0,Ingraham Shows She’s Either Oblivious To Trump's Racism — Or Is Gaslighting You
0,White House Steps Up Effort To Downplay Coronavirus Concerns
0,3 States See Record High In Daily Coronavirus Infections After Reopening
0,Republican Group Questions Trump’s Health: ‘It’s Time We Talk About This’
0,Judge Orders Trump Administration To Give Tribes Their COVID-19 Relief Funds
0,New Mexico Shooting Raises Specter Of Right-Wing Violence Around Statue Protests
0,Pence Says All 50 States Reopening In 'Responsible Manner.' Fauci Says Otherwise.
0,House Leadership Announces Upcoming Vote On D.C. Statehood
0,Mississippi Set To Become The 13th State To Criminalize Fossil Fuel Protests
0,Far-Right 'Boogaloo' Supporter Charged With Murder In Deaths Of Officers
0,Congress Headed Toward Standoff On Police Reform
0,Trump Administration Sues To Block Release Of Bolton Book
0,Ilhan Omar Isn't Done Fighting
0,‘You Can Call Me A Snitch’: 911 Dispatcher Alerted Supervisor To George Floyd’s Arrest
0,"20 Troops Killed In Himalayas Clash With Chinese Army, Indian Officials Say"
0,Virginia Democrats Could Elect The First Black Physician To Congress
0,'Woefully Inadequate': Trump Order Falls Short Of Broader Push To Curb Cop Abuse
0,Nebraska Democrats Renounce Their Senate Pick Over Comments
0,Virginia Governor To Propose Juneteenth As State Holiday
0,PG&E Pleads Guilty To Involuntary Manslaughter Of 84 People In Deadly California Fire
0,The Democratic Party Launches Its First 2020 Ad Campaign Targeting Trump
0,Trump Claims COVID-19 Will Go Away And That An AIDS Vaccine Exists. It Doesn’t.
0,Atlanta Police Officer Who Shot Rayshard Brooks Had Past Reprimand For Use Of Force
0,Congress Could Make Juneteenth A National Holiday
0,"Trump Says He Gave Out 1 Million Tickets To His Tulsa Rally. That Means 980,801 Fans Won't Fit."
0,NYPD Finds ‘No Criminality’ After Cop Union Alleged Shake Shack Poisoned Officers
0,"Coronavirus Cases Surge In Alabama, South Carolina And Oklahoma"
0,"Americans Are The Unhappiest They've Been In 50 Years, Poll Finds"
0,"The Coronavirus Is Still Spreading, Trump And Congress Are Still Dithering"
0,"After George Floyd’s Death, Indigenous Communities Call Out ‘Broken System’"
0,Ex-Trump Aide Sebastian Gorka May Get Role Atop Voice Of America: Report
0,3 Indian Soldiers Killed In ‘Violent Face-Off’ With Chinese Troops At Border
0,African Nations Draft Resolution To Investigate U.S. For Human Rights Violations
0,"‘So True!’ Trump Mocked For Retweeting Himself, Then Agreeing With Himself"
0,Justice Department Sets New Dates To Begin Executing Federal Inmates On Death Row
0,Anderson Cooper Debunks Trump's Latest Coronavirus Claim With Basic Child Psychology
0,Dr. Sanjay Gupta: Trump Rally Is ‘Worst-Case Scenario’ For Spreading Coronavirus
0,"Laura Ingraham Calls Fauci ‘Medical Deep State,’ Tells Trump To Ignore Rally Virus Warnings"
0,"North Korea Attacks Inter-Korean Liaison Office, South Korea Says"
0,Lara Trump Insists President Has No Health Issues Despite Awkward Ramp Walk
0,Man Arrested In Shooting During Protest Of Spanish Conqueror Statue In Albuquerque
0,Pence Tells Governors To Share Misleading Facts About Coronavirus Infections: Reports
0,Tucker Carlson Dials Up Fear Factor In Ugly New Attack On Black Lives Matter
0,Rep. Ilhan Omar’s Father Dies From Complications Of COVID-19
0,Fox News Presses Larry Kudlow On COVID-19 Spikes After He Declared No Second Wave
0,NYPD To Reassign 600 ‘Anti-Crime’ Plainclothes Officers Amid Protests
0,"Trump Rally Not Welcome Here, Snaps Tulsa Newspaper Editorial"
0,Oklahoma Governor Invites Donald Trump To Visit Site Of Tulsa Race Massacre
0,Pence Says Oklahoma COVID-19 Cases Have 'Flattened' — 2 Days After Record Jump
0,D.C. Statehood Gains New Support Among Senate Democrats After Trump Occupation
0,Charles Booker Hits Amy McGrath For Skipping Anti-Racism Protests In New Kentucky Senate Ad
0,Missing Black Lives Matter Activist Among 2 Women Found Dead: Police
0,Trump Suggests Stopping COVID-19 Tests Would Result In Fewer Cases
0,Joe Biden And The DNC Raised $80 Million In May
0,Democrats Say Law Protecting LGBTQ Rights Still Needed Even After SCOTUS Victory
0,Protests Spark Renewed Outcry Over Black Teen’s 55-Year 'Accomplice' Prison Sentence
0,John Cleese Mocks Fox News For Confusing Monty Python With CHAZ Protesters
0,"It’s ‘Clear’ Firing Someone For Being Gay Is Wrong, Gorsuch Says In Title VII Opinion"
0,Politicians Praise Supreme Court’s Decision On LGBTQ Worker Protections
0,'A Shocking Dereliction Of Duty': Supreme Court Brushes Off Police Immunity Cases
0,Partisan Fault Lines Emerge In Congress Over Police Reform
0,Supreme Court Rules For Pipeline In Appalachian Trail Dispute
0,Supreme Court Says LGBTQ Employees Are Protected By Civil Rights Employment Statutes
0,Supreme Court Declines To Hear Trump's Legal Challenge To 'Sanctuary' Laws
0,Coronavirus Live Updates: Read The Latest About The COVID-19 Outbreak
0,White Woman Calls Cops On Man Writing 'Black Lives Matter' On His Own Property
0,Voice Of America Denounces CDC For Blacklisting Reporters After White House Smear
0,"Journalist Maria Ressa, Critic Of Rodrigo Duterte, Convicted Of Libel"
0,China's New Virus Outbreak Underscores Continued Threat
0,American Paul Whelan Sentenced To 16 Years In Russia On Spying Charges
0,Trump’s Niece To Publish Tell-All Including ‘Salacious’ Details About President: Report
0,Chilling New Footage Shows Police Officer Ignoring Pleas To Help George Floyd
0,"Overwhelmed By COVID-19, India To Transform Train Cars Into Makeshift Hospital Wards"
0,Trump Tweet Mocking Obama’s ‘Unpresidential’ Walk Resurfaces After Ramp Incident
0,Police Video Shows Rayshard Brooks Sobriety Test Quickly Turning Deadly
0,"Cuomo Warns He May Reverse Reopenings After New York Gets 25,000 Complaints"
0,Larry Kudlow Vows End To $600 Unemployment Aid As 'Disincentive' To Work
0,Ben Carson Tells U.S. To 'Grow Up' Over Racist Gripes; Stacey Abrams Calls Him 'Infantile'
0,White House Adviser: No 'Transparency' Promise Ever Made Over Billions In Loans
0,Protests Continue In U.S. After Deaths Of More Black Men
0,Republican Senator 'Absolutely' Supports National Ban On Police Chokeholds
0,Ex-Defense Secretary: ‘Time Has Come’ To Strip Military Bases Of Confederate Names
0,Blind Voters Fear Loss Of Privacy With Shift To Mail Voting
0,Lebanon Protesters Call On Government To Resign Amid Crisis
0,Joe Biden Has Problems He Can’t Solve From His Basement
0,Health Expert Calls Trump's Tulsa Rally 'Extraordinarily Dangerous Move’
0,Fox News is Lying About Seattle’s ‘Autonomous Zone’
0,Trump Tries To Explain Awkward West Point Walk That Lit Up Twitter Critics
0,Florida Hits Biggest Daily COVID-19 Jump As It Gears Up For GOP Convention
0,Protesters Light Fire Inside Wendy's Where Atlanta Police Killed Black Man
0,Secret Service Finally Admits It Used Pepper Spray On Protesters Before Trump Church Pic
0,Far-Right Protesters Clash With Anti-Racist Demonstrators In London
0,Seattle Man Gets $1.1 Million Coronavirus Hospital Bill: Report
0,"U.S. Embassy in Seoul, South Korea, Unfurls Giant Black Lives Matter Banner"
0,Melania Trump Used Delay In White House Move To Renegotiate Prenup: Book
0,TikTok Comedian Sarah Cooper Spills Secrets On Lip-Synching Trump In Jimmy Fallon Interview
0,Atlanta Police Chief Resigns After Cop Kills Black Man At A Wendy's (UPDATE)
0,"‘To Say That She’s An Abusive Figure Is An Understatement’: At ABC News, Toxicity Thrives"
0,Tulsa Health Officials Urge Caution On Gatherings Just 1 Week Before Trump Rally
0,Trump Administration Says It's Not Forcing People Back To Work. Workers Disagree.
0,"Trump 'Exploited Sacred Symbols,' Says Church Where He Married Melania"
0,'A Setup For Disaster': Doctors Issue Ominous Coronavirus Warnings About Trump Rally
0,Trump Is ‘Too Small To Meet The Moment’ In New Biden Attack Ad
0,Don Lemon Responds To Dave Chappelle's Criticism Of Him In New Netflix Special
0,Lindsey Graham In New Ad: 'Joe Biden Is As Good A Man As God Ever Created'
0,"Udder Failure: Devin Nunes Can't ID Critics Behind Cow Tweets, So Suit Appears Moot"
0,Trump Moves Tulsa Rally So It Won't Fall On Juneteenth
0,Anti-Racism Protests Held Coast To Coast Across U.S.
0,Accused California Cop Killer Linked To Right-Wing Extremist Boogaloo Movement
0,DOJ Spreads Bogus Claim About Maryland Protest In Letter Defending Religious Liberty
0,The Real Violent Extremist Threat Growing During Protests
0,Trump Reverses Rule Protecting Transgender Patients From Discrimination
0,"Naming Bases For Confederate Generals Is Like Having A Camp Bin Laden, Charges Vets' Ad"
0,12 Amazing Photos You Missed This Week
0,California Woman Goes On Racist Rant Against Woman Exercising In Park
0,"Fauci Urges Trump Rally Attendees To Wear Masks, Says Large Events Remain ‘Risky’"
0,GOP Congressman At Risk Of Losing Seat After Officiating Gay Wedding
0,"List For Biden’s VP Pick Narrows Down To Warren, Harris, Susan Rice And More"
0,"Trump On Police Chokeholds: 'Concept' Is 'Innocent, So Perfect,' But Should Be Ended"
0,GOP Senator Touts Low Black Unemployment As Black Unemployment Hits 10-Year Peak
0,John Bolton Says Reelection Is 'Only Thing That Mattered' To Trump
0,"As Greens Reckon With Racism, Staff At A Major Group Challenge Pro-Trump Board Member"
0,Band-Aid Announces New Bandages That 'Embrace The Beauty Of Diverse Skin'
0,COVID-19 Live Updates: Young Chicago Patient Receives Lung Transplant
0,Joe Scarborough Rips Trump With Painfully Honest Rewrite Of Rally Coronavirus Waiver
0,Trump Is Back To Business As Usual As Virus Surges In States
0,"Twitter Axes 32,000 State-Linked Propaganda Accounts From Russia, China And Turkey"
0,Florida Migrant Towns Become Coronavirus Hot Spots In U.S.
0,"Cops Caught On Camera Napping, Relaxing In Lawmaker’s Office During Protests"
0,"Keith Ellison, Once An Activist, Meets His Moment As Minnesota’s Top Prosecutor"
0,'Implicit Bias' Trainings Don't Actually Change Police Behavior
0,Most Americans Want Police Reform But Don't Back 'Defund The Police'
0,Joe Biden Calls On Facebook To Change Political Speech Rules
0,Tom Cotton Accidentally Gives The Washington Monument An Awesome New Name
0,"Stacey Abrams Schools Meghan McCain On Authoritarian Trump, Georgia Voting Mess"
0,Supercut Exposes The Ugly Truth Of Trump’s Rhetoric On Protests
0,Don Lemon: Trump Just Said ‘The Dumbest Thing I’ve Ever Heard’
0,Biden Comes This Close To Dropping An F-Bomb On Trump's 'Very Fine' Racists
0,‘The Daily Show’ PSA Begs Canada To Invade ‘Failed State’ America
0,"North Korea Vows To Build Up Military, Blasting 'Empty Promises' Made By Trump"
0,Joe Biden Mocked In Trump Campaign Ad For Kneeling — In A Church
0,Trump Defends Racist Phrase By Citing Philadelphia's Infamous ‘Vote White’ Mayor
0,Louisville City Council Bans No-Knock Warrants After Breonna Taylor’s Death
0,Facebook Page Posting Trump's Verbatim Tweets Receives Erratic Response
0,"Republicans Move Convention Events, Trump Nomination Acceptance To Jacksonville, Florida"
0,Trump Praises His 'S.S.' For Protest Crackdown; Critics Go World War II
0,Trump Campaign Says You Can't Sue If You Get COVID-19 At His Rally
0,Young COVID-19 Patient Becomes First In U.S. To Receive Double Lung Transplant
0,Evangelical Leader Calls On Denomination To Retire Gavel Named For Slaveholder
0,Black Tulsans Call Trump's Juneteenth Rally Plan 'A Slap In The Face'
0,Donald Trump’s Race Speech In Tulsa Will Be Just Another Sop To His White Supporters
0,"Amid Racial Justice Marches, GOP Advances Trump Court Pick Hostile To Civil Rights"
0,The Black Lives Matter Protests Are Working. Here’s Proof.
0,"With DACA In Peril, Black Dreamers Are Hoping For Equality And The Ability To Stay"
0,"Tennessee Lawmakers Vote To Keep KKK Leader’s Bust In Capitol, Igniting Protests"
0,Trump Administration Refuses To Disclose Which Businesses Received $500 Billion In Government Bailout
0,White Nationalist Richard Spencer Can't Afford To Pay Legal Fees In 'Unite The Right' Case
0,"In An Election Year, 2 Vulnerable GOP Senators Are Suddenly Conservationists"
0,NYPD Cop Who Kneeled At Protest Apologizes To Fellow Officers
0,Trump Sanctions War Crimes Court To Silence Investigations Into U.S. Misconduct
0,Missouri Newspaper Publisher Resigns After Printing Racist Cartoon
0,Former DEA Spokesman Admits To Posing As 'Deep-Cover' CIA Agent In Fraud Scheme
0,Donald Trump Makes Case For Joe Biden In Crazed All-Caps Tweet
0,EPA Said Giving Polluters A Pass Protected Its Workers. Its Own Union Says That’s Gaslighting.
0,"Lockdown A Week Earlier Would Have Halved UK Coronavirus Death Toll, Says Neil Ferguson"
0,Nearly 300 Doctors In Delhi’s Municipal Hospitals Threaten Mass Resignations
0,Trump Administration Proposes Sweeping Asylum Restrictions
0,Top U.S. Military Official Calls His Appearance In Trump's Church Photo-Op 'A Mistake'
0,Breonna Taylor Was Killed By Police. Their Report Lists Her Injuries As 'None.'
0,"Black Man Told Oklahoma Police 'I Can't Breathe' Before He Died, Video Shows"
0,Banksy Suggests What To Do With Toppled Statue Of Slave Trader
0,1.5 Million More Americans Seek Unemployment Benefits
0,U.S. Passes 2 Million Coronavirus Cases
0,GOP State Senator Asks If Black People Get Coronavirus From Lax Handwashing
0,Republican Group Says Trump Just Became The 'Confederacy's Second President'
0,'Live PD' Dropped By A&E On Heels Of 'Cops' Cancellation
0,Pulitzer-Winning Pandemic Reporter On Coronavirus: We're Far From Out Of The Woods
0,Pols Tell Trump To Go Back To The Bunker After His Threat To ‘Take Back’ Seattle
0,"Don Lemon Exposes ‘White-Mansplaining’ Of Trump, White House Officials"
0,Anderson Cooper Blasts 'Lie Teller' Kayleigh McEnany For 'Orwellian' Trump Defense
0,Statues Linked To Racist Past Toppled And Vandalized Around The U.S.
0,LeBron James Is Fighting For Black Voting Rights With ‘More Than A Vote’ Initiative
0,Trump Has Lost His Favorite Talking Point About Black Unemployment
0,Jon Ossoff Wins Democratic Senate Nomination in Georgia
0,Wisconsin Gym Under Fire For 'I Can't Breathe' Workout
0,Amazon Announces One Year Pause On Police Use Of Its Facial Recognition Tech
0,Trump White House Believes 'Defund The Police' Is A Political Gift
0,"With Trump's Approval Plunging, Republicans Say It's Too Early To Panic"
0,Disneyland Plans To Reopen July 17 Following Coronavirus Closure
0,Nancy Pelosi Calls For Removing Confederate Statues From U.S. Capitol
0,Public Opinion On Taking Down Confederate Monuments Hasn't Budged In The Last Three Years
0,Donald Trump Is Acting Like The Coronavirus Is Gone. It Isn’t.
0,Georgia's Primary Election Was A National Scandal
0,NASCAR Bans Confederate Flag At Its Events And Properties
0,Trump Won't 'Even Consider' Renaming Bases Named For Confederate Generals
0,"More Than 1,250 Ex-DOJ Workers Demand Probe Of AG Barr Over Protesters’ Removal"
0,White House Doubles Down On Trump’s Smear Against Protester Shoved By Police
0,Anna Wintour Apologizes For Race-Related 'Mistakes' In Vogue Magazine
0,Trump Campaign Demands CNN Apologize For Poll That Shows Him Losing To Biden
0,Tear Gas Is Banned In Warfare But Not Against Protesters. A New Bill Could Change That.
0,Cooking Rice In Sunlight: Migrant Workers Who Stayed Back Caught Between Hunger And Govt Apathy
0,Revealed: Children Beg To Go Back To School After Being Locked Down In Abusive Homes
0,Little Evidence Of Antifa Links In Protest Violence Prosecutions
0,Ex-Judge Says Push To Dismiss Flynn Case Is 'Abuse Of Power'
0,'I Am George Floyd': NFL Star Von Miller Writes Powerful Essay On Racism
0,CrossFit CEO Steps Down After Stunningly Racist Commentary
0,PM Defends Joining Huge Anti-Racism Protest Despite Urging Social Distancing
0,Christopher Columbus Statue Beheaded In Boston Park
0,As Many As 35 Million People Haven't Yet Received Stimulus Checks
0,Minneapolis Police Dept. Withdrawing From Union Negotiations
0,George Floyd's Brother To Congress: 'Stop The Pain'
0,Boris Johnson Dumps Plan To Get All Primary Pupils In School Before Summer
0,Teacher Ousts West Virginia State Senate Leader In GOP Primary
0,Trump Administration Hints At Support For A Smaller Unemployment Boost
0,Human Remains Found During Search For Missing Idaho Children
0,Coronavirus Live Updates: Read The Latest About The COVID-19 Outbreak
0,N.J. Prison Guard Suspended For Mocking George Floyd's Death At Racism Protest
0,Brazil Obeys Court Order To Resume Providing Full Virus Data
0,Millions Of Taxpayer Dollars Are Going To Schools That Push Conversion Therapy
0,West Virginia Elects Its First Out Transgender Official
0,Tucker Carlson Rails Against Elmo And His Dad In Bonkers New Rant
0,NASCAR’s Bubba Wallace Calls For Confederate Flags To Be Banned From Tracks
0,Florida Police Group President Suspended Over 'Despicable' Facebook Posts
0,Sean Hannity Claims Trump Is Also A Victim Of Crooked Cops: ‘It’s Horrific’
0,World’s Largest Movie Theater Chain Plans To Reopen ‘Almost All’ U.S. Theaters In July
0,New York Legislature Votes To Repeal Law Shielding Police Disciplinary Records
0,'Cops' Canceled Amid Nationwide Reckoning Over Police Violence
0,Mark Cuban: White People 'Get Defensive' When Discussing White Privilege
0,Police Violence Videos Thwarting Officers Attempts To Control Narrative
0,"‘Worst Nightmare’ Coronavirus Pandemic Far From Over, Fauci Warns"
0,"Many Police Aren’t Wearing Masks, Posing Yet Another Risk To Protesters In A Pandemic"
0,"Sybrina Fulton, Trayvon Martin's Mother, Qualifies To Run For Public Office"
0,NY Police Union Boss Demands Respect For Officers After Brutal Protest Crackdowns
0,"With Trump MIA, Senate Republicans Go It Alone On Police Reform Efforts"
0,NHK Apologizes For Clip Attempting To Explain Black Lives Matter Protests To A Japanese Audience
0,Yosemite National Park To Reopen This Week
0,Protesting Racism: Views From HuffPost Readers
0,"Ocasio-Cortez, Sanders Endorse Progressive Charles Booker In Kentucky Senate Primary"
0,Sen. Susan Collins Loses Endorsement Of Major Gun Control Group
0,George Floyd To Be Laid To Rest In Houston
0,"Black Man's Death In Police Custody Was Filmed For 'Live PD,' Prosecutor Says"
0,"Bernie Sanders Endorses Jamaal Bowman, Five Other Progressive Candidates For Congress"
0,"Prince Andrew, U.S. Prosecutors Spar Over Jeffrey Epstein Probe"
0,The Police Have Been Spying On Black Reporters And Activists For Years. I Know Because I’m One Of Them.
0,Trump Floats Conspiracy That 75-Year-Old Buffalo Protester Pushed By Police Was 'A Set Up'
0,Progressive Charles Booker Unveils First Big Ad Buy In Race To Oust Mitch McConnell
0,Portland Police Chief Resigns Amid Anti-Racism Protests
0,"Donald Trump Jr.'s Mongolia Hunting Trip Cost Taxpayers $77,000"
0,North Korea Cuts Off All Communication With South Korea
0,"Jerry Falwell Jr. Apologizes For Blackface ‘Joke’ After Staff, Alumni Revolt"
0,U.S. Navy Test Shows 60% Of Carrier Crew Have Coronavirus Antibodies
0,IBM To End Facial Recognition Business And Oppose Use For Surveillance By Police
0,Tucker Carlson Stuns Twitter Users With 'Most Racist' Thing He's Ever Said
0,William Barr Flatly Contradicts Trump's Story That He Was In His Bunker For 'Inspection'
0,"Trump Is Opposed To 'Kneeling In General,' Raising Hell With Religious Worship"
0,"Guardsman Told Barr Protest Was Peaceful Before Violent Attack, Lawmaker Says"
0,"Bon Appétit Top Editor Adam Rapoport Resigns After Brownface Photo, Outcry From Staffers Of Color"
0,The Fall Of America's Monuments To Racism
0,Minnesota Officers Acknowledge Slashing Tires At Minneapolis Protest
0,Trump’s Mar-a-Lago Broken Promise Does Not Affect His Ability To Vote From There
0,Virginia Man Who Drove Truck Into Protest Says He's A White Supremacist: Prosecutor
0,White House Has 'No Regrets' About Violently Clearing Nearby Protest
0,Why The U.S. Needs To Do Reparations Now
0,BAME People Pleaded For Help During The Coronavirus Pandemic. This Is How They Were Let Down
0,Canada’s Jobless Rate Is Now Twice As High As Europe’s. Here’s Why.
0,"ICUs, Mortuaries And Prisons: The NHS Heroes Sent Into The Unknown When Covid-19 Hit"
0,Unconditional Bail For Former Minneapolis Cop Derek Chauvin Set At $1.25 Million
0,Biden Campaign Says He Doesn't Support Defunding The Police
0,"Democrats Unveil Police Reform Overhaul, Kneel At Capitol To Honor George Floyd"
0,Barack And Michelle Obama Advise Graduates How To Utilize Turmoil
0,Push To Reform U.S. Police Intensifies Ahead Of George Floyd Funeral
0,Prince Andrew's Lawyers Hit Back Over U.S. Inquiry Into Jeffrey Epstein Ties
0,Treasure Chest Hidden In New Mexico Wilderness Finally Found
0,Coronavirus Live Updates: Read The Latest About The COVID-19 Outbreak
0,Donald Trump Pokes At Roger Goodell For Encouraging NFL Player Protests
0,Supercut Mixes Ivanka Trump's Clueless Speech With Attacks On Protesters
0,Australian Surfer Dies After Attack By 10-Foot Great White Shark
0,Why I Protest
0,Houston To Hold 6-Hour Public Viewing Of George Floyd's Casket
0,"CrossFit CEO's George Floyd Tweets Prompt Sponsor, Gym Exodus"
0,"Man Drives Car At Seattle Protesters, Shoots Bystander"
0,'S**thole' Countries Have Handled The Coronavirus Better Than The United States
0,Tropical Storm Cristobal Weakens But Flood Threat Persists
0,George Conway Gets Twitter Users To Offer Trump Some All-Too-Honest New Slogans
0,New Zealand Appears To Have Eradicated Virus As Last Known Infected Person Recovers
0,Scientists Funded By Zuckerberg Group Warn Facebook 'Antithetical' To Their Mission
0,John Bolton Aims To Publish Tell-All White House Memoir In June: Report
0,"In Veto-Proof Majority, Minneapolis City Council Says It Will Dismantle Police Department"
0,Mitt Romney Joins Black Lives Matter Protesters Marching Toward White House
0,Trump Cheers Tom Cotton After Times Editor’s Exit Over Op-Ed
0,"AG Barr Defends Force Against D.C. Protesters, Says 'They Were Not Peaceful'"
0,New York Times Opinion Chief James Bennet Out After 'Send In The Troops' Op-Ed
0,Attorney General Bill Barr Denies Nation's Police Are Systemically Racist
0,Trump Orders Withdrawal Of National Guard In D.C. As Anti-Racism Protests Continue
0,New York City Curfew Lifts Early Following Peaceful Protests
0,Black Lives Matter Protesters Tear Down Slave Trader Statue In UK And Dump In Harbor
0,"Colin Powell Says He 'Cannot In Any Way' Support Trump, Will Vote For Joe Biden"
0,"Thousands In Europe Rally Against Racism, Police Brutality"
0,Protesters Topple Confederate Statue In Virginia Capital
0,"Philadelphia Inquirer's Top Editor Resigns After 'Buildings Matter, Too' Headline"
0,Some GOP Heavyweights Won't Vote To Reelect Trump: Report
0,American Police Are At War With Democracy Itself
0,America Has Tried And Failed To Explain Its Racism To The World
0,Rubber Bullets Are Still Bullets
0,Brazil’s Disastrous COVID-19 Response Exposes Profound Inequalities
0,Around The World: Black Lives Matter
0,Minneapolis Mayor Booed After Saying He Wouldn't 'Abolish' Police Department
0,Comedy Gem Sarah Cooper Conquers Trump In Hilarious TikTok Videos
0,Pentagon Threat Sparked Shocking Crackdown On Protesters For Trump Photo Op: Report
0,Protest Records Show Scant Evidence Of Trump's Bogus Antifa Claims
0,Factory Discarding COVID-19 Swabs Produced During Trump's Unmasked Tour: Report
0,Pittsburgh Journalists And Mayor Support Black Reporter Pulled From Covering Protests
0,LAPD Accused Of Shooting Man In Wheelchair In The Face With Rubber Bullets
0,Farms Have Killed Off Millions Of Animals As Supply Chains Break. But These Hens Made It Out.
0,Scant Evidence For Trump Claim That Antifa Is Behind Protest Violence
0,New Jobs Report Diminishes GOP Appetite For More Virus Aid
0,Marine Corps Bans Confederate Flag From Public Display
0,Buffalo Cops Who Knocked Peaceful Protester To The Ground Charged
0,The Labor Movement Faces A Reckoning Over Police Unions
0,Trump Erupts After Attack Target Lisa Page Joins MSNBC As National Security Analyst
0,Watchdog Calls For FBI Probe Into Medical And Pharma Stock Holdings Of Pence Chief Of Staff
0,Trump Tweet Gets Personal Fact-Check From Twitter CEO Jack Dorsey
0,Banksy's New Anti-Racism Artwork Sets Fire To The American Flag
0,The Fight To Fix Policing Starts At The City Council
0,"Protest Cost Him His Career. Still, Mahmoud Abdul-Rauf Urges On The Protesters"
0,Justin Trudeau Takes A Knee During Anti-Racism Protest
0,Ex-Defense Secretary: White House ‘Leading Us Down The Trail Toward A Dictatorship'
0,Ivanka Trump Gets Blunt Reminder Of Her Own Complicity After ‘Free Speech’ Call
0,Buffalo Mayor Says Police Union Is 'On The Wrong Side Of History'
0,'Coward And Commander': Jim Mattis Attack On Trump Stars In Lacerating Ad
0,Police Critics Secure Some Gains In 11th Day Of Racial Justice Protests
0,Biden Formally Secures Democratic Presidential Nomination
0,Trump's Approval Among White Catholics Has Slipped
0,Black Lives Matter Has Been Doing The Work To 'Defund The Police' For Years
0,Trump Demeans Female Black Reporter As She Challenges Him On Black Unemployment
0,Zuckerberg Says He'll Review Policies That Allowed Trump's Inflammatory Post
0,Obama Says We Should Learn 'Impatience' From Young Protesters
0,George Floyd Survived The Coronavirus. Then The Police Killed Him.
0,Drew Brees Stands Against Trump: Racial Justice Protests 'Not About The American Flag'
0,Twitter Locks Account That Posts Trump's Tweets Verbatim After Less Than 3 Days
0,White House Forces Press To Breach Social Distancing Guidelines Because It 'Looks Better'
0,12 Amazing Photos You Missed This Week
0,Roger Goodell Admits NFL Was Wrong About Player Protests
0,"Nashville's 10,000-Person Protest Was Organized By Teen Girls"
0,Twitter Users Point Out Hypocrisy Of Trump’s ‘No Kneeling’ Tweets About Protesting
0,California Vows To Take Steps To Protect Protesters From Police Abuse
0,The Police Are Targeting Protest Medics
0,GOP Senate Candidate Warns America Is 'Up Against Multiculturalism'
0,Buffalo Cops Resign From Special Team En Masse In Solidarity With Suspended Officers
0,Public Opinion Is On The Side Of The Protests. That's New.
0,Trump's Presidency Is Reaping What His White Grievance Politics Sowed
0,California Mayor Resigns After Email About Police Brutality Sparks Outrage
0,Ithaca Could Be The First U.S. City To Move Forward On Canceling Rent
0,Federal Agents Release Coronavirus Masks Seized From Black Lives Matter Protesters
0,John Kelly Slams Trump's Ethics: 'We Need To Look Harder At Who We Elect'
0,"As They Scream Voter Fraud, Trump And His Press Secretary May Have Voted Illegally"
0,A New York Democrat Who Aligned With Republicans Could Be Headed To Congress
0,The Cops Who Killed Breonna Taylor Are Still Free
0,Southern Baptists Report Biggest Single Year Membership Drop In Decades
0,Trump’s Occupation Of D.C. Fuels Calls For Statehood
0,"For Black Women, There's Nothing To Celebrate In The Unemployment Numbers"
0,DC Mayor Has 'Black Lives Matter' Painted On Street Leading To White House
0,Minneapolis Agrees To Ban Police Chokeholds After George Floyd's Death
0,Trump Gloats That It's 'A Great Day' For George Floyd During Press Conference
0,Coronavirus Live Updates: Read The Latest About The COVID-19 Outbreak
0,How Coronavirus Is Threatening Democracy
0,Protests Around The Nation: Views From HuffPost Readers
0,Police Arrest Cyclist In Assault Of Girl Posting George Floyd Protest Signs
0,"U.S. Unemployment Declines To 13.3%, Diverging From Expert Predictions"
0,Using Tear Gas On Protesters May Worsen Coronavirus Spread
0,"Trump Takes Vindictive Swipe At GOP Senator Opposing Him, Endorses Anyone ‘Good Or Bad’"
0,States Have Put 54 New Restrictions On Peaceful Protests Since Ferguson
0,The Police Have Shown Their True Colors
0,Retired General Spots Exact Moment The American Experiment Started To Crumble
0,'We Have No Choice': Minneapolis City Council President Wants To 'Dismantle' The Police
0,Trump Campaign’s Plea For Video Messages To Celebrate President’s Birthday Backfires
0,"Tennessee Must Allow Vote By Mail For All Amid Coronavirus Pandemic, Judge Rules"
0,"Storm Season Adds To Coronavirus Pandemic Worries For Mexico, Central America"
0,Trump Shares Letter Saying White House Protesters Are 'Terrorists'
0,"Civil Rights Groups Sue Trump, Barr After Violent Dispersal Of Protesters Outside White House"
0,Law Enforcement Seizes Masks Meant To Protect Anti-Racist Protesters From COVID-19
0,Lone Protester Left Bleeding After Buffalo Cops Push Him To The Ground
0,"NYC Mayor Bill De Blasio Enforces Curfew Again, Setting Up Another Night Of Police Assaults"
0,White House Security Barred Clergy From Holding Vigil Outside Church
0,John Kelly Defends Jim Mattis Against 'Nasty' Trump Twitter Attack
0,"Extra Jobless Pay Helps People Eat, Says Budget Report Likely Dooming The Benefits"
0,Rev. Al Sharpton Slams Trump: 'We Cannot Use Bibles As A Prop'
0,Police Budgets Have Long Been Untouchable. That Could Change.
0,Republicans Prove They Can Focus During A Pandemic... On Confirming Judges
0,"Esper Reverses Course Again, Orders Troops Out Of D.C."
0,Historic Anti-Lynching Legislation Blocked In The Senate By Rand Paul
0,Trump's Former Defense Secretary Called Him A Threat To The Republic. The GOP Doesn't Care.
0,Porn Actor Nacho Vidal Arrested In Photographer's Toad Venom Death
0,Al Sharpton Announces March On Washington In August
0,Senate Democrats Kneel In Protest Of Racial Injustice
0,"COVID-19's Economic Fallout Is Hitting The Black Community Hard, Too"
0,American Policing Has Always Been About Enforcing White Supremacy
0,2020 Isn't 1968 And Donald Trump Isn't Richard Nixon
0,Study Authors Retract Influential Lancet Hydroxychloroquine Article
0,Curfews Make Life Even Harder For Essential Workers
0,California Cop Fatally Shoots Kneeling 22-Year-Old After Mistaking Hammer For Gun
0,Facebook To Label State-Controlled Media Organizations
0,Man Charged In Ahmaud Arbery Murder Allegedly Used Racist Slur As Victim Lay Dying
0,"Donald Trump Has Made The U.S. ‘No Longer Safe,’ Elizabeth May Says"
0,"Inmate In Brooklyn's Federal Jail Dies After Being Pepper-Sprayed, Removed From Cell"
0,"Amy Cooper, Who Falsely Accused Black Man In Central Park, Gets Dog Back"
0,"Philadelphia Inquirer Staffers Launch Protest After Newspaper's 'Buildings Matter, Too' Headline"
0,"The ‘Surreal, Beautiful’ Moment Protesters Sang ‘Lean On Me’ Outside The White House"
0,Obama Photographer Takes Not-So-Subtle Swipe At Donald Trump's Bible Stunt
0,Nearly 1.9 Million Sought Unemployment Aid Last Week
0,Hong Kong Outlaws Insulting China's National Anthem
0,Philadelphia Inquirer Apologizes For ‘Deeply Offensive’ Headline On Protests Column
0,"3 Men With Right-Wing Extremist Ties Plotted To Terrorize Vegas Protests, Prosecutors Say"
0,"More Than 10,000 People Reportedly Arrested At U.S. Protests"
0,California Gov. Newsom Likes To ‘Go Big’ But Doesn’t Always Deliver
0,Texas Lt. Gov: Racism Won’t Stop Until We ‘Accept Jesus Christ’
0,Anderson Cooper Dismantles Kayleigh McEnany’s ‘Like Churchill’ Defense Of Trump
0,German Man Identified As Suspect In Case Of Missing UK Girl Madeleine McCann
0,NYPD Uses Aggressive Tactics On Peaceful Demonstrators Out After Curfew
0,Report: 39 Injured In Knife Attack At Chinese Kindergarten
0,NYT Staffers Slam Paper For Publishing Senator's 'Send In The Troops' Op-Ed
0,George Conway's Group Says 'Coward' Trump Just 'Became What We Always Feared'
0,California Lawmakers Block Facial Recognition Bill Amid Protests Against Racist Policing
0,"William Barr's Vast, Nameless Army Is Being Brought To Bear On D.C. Protesters"
0,Obama Offers Further Support Of Anti-Racism Protests: 'I'm Proud Of You Guys'
0,"As Congress Tries To Reform Policing, Democrats Face Classic Legislative Dilemmas"
0,Virginia To Take Down Robert E. Lee Statue
0,'Appalled' Jim Mattis Says Trump Has Divided The Nation
0,Trump Went Full-On Fascist For A Photo-Op. What’s He Willing To Do To Keep Power?
0,Jimmy Carter: Powerful People Must Say 'No More' To Racist Justice System
0,Trump Defends Church Photo Op: ‘I Think It Was Very Symbolic’
0,Senate Passes Bill To Give Paycheck Protection Plan Loan Recipients More Flexibility
0,Democratic Leaders Play Catch-Up On Black Lives Matter Movement
0,Republicans Push 'Return To Work Bonus' As Alternative To Unemployment
0,Progressive Groups To Spend Big On Unseating Bronx Rep. Eliot Engel
0,"Tammy Duckworth: Trump's Use Of Military Against Protesters Is ""Disgusting"""
0,Obama Steps Out As Nation Confronts Confluence Of Crises
0,Democrats Demand Answers After Protesters Cleared From Park For Trump Stunt
0,Sean Hannity And Jill Rhodes Divorce After 26 Years Of Marriage
0,3 More Former Cops Charged In The Killing Of George Floyd
0,D.C. National Guard To Investigate Helicopter's 'Show Of Force' Against Protesters
0,NFL QB: Drew Brees: 'I Will Never Agree With Anybody Disrespecting The Flag'
0,Army: Defense Secretary Reverses Plan To Send Active-Duty Troops Home
0,George Floyd's Son Visits Site Where Father Was Killed: 'We Want Justice'
0,Trump Brutally Mocked For Saying He Went To Bunker Just To Inspect It
0,Philadelphia Removes Controversial Statue Of Ex-Mayor Frank Rizzo After Protests
0,Think Before You Link: How You Can Help Fight Misinformation Online
0,Coronavirus Live Updates: Read The Latest About The COVID-19 Outbreak
0,Trump Claims He Went To White House Bunker During Protests 'For An Inspection'
0,Defense Secretary: 'I Do Not Support Invoking The Insurrection Act'
0,George Floyd's 6-Year-Old Daughter In Viral Video: 'Daddy Changed The World'
0,NBC Reporter Jo Ling Kent Hit By Police Flash-Bang Grenade In Seattle
0,"Pentagon Adviser Resigns, Slams Defense Secretary Esper Over Trump Photo-Op"
0,UK Stats Watchdog Slams Matt Hancock's 'Misleading' Testing Figures
0,BAME People Are More Likely To Die Of Coronavirus Than White People
0,Italy Marks A Historic Turning Point in the Pandemic
0,Cory Booker Asks A Pointed Question Over And Over In Senate Speech Against Racism
0,Washington Post Editorial Issues Dire Warning To Trump Aides 'Enabling His Incitement'
0,"New Yorkers Said ‘F**k The Police,’ So The Police Rioted"
0,GOP Group Scorches Trump On Fox News With Call To End His 'American Carnage'
0,Tiffany Trump Joins Blackout Tuesday Campaign On Instagram
0,Symbol In The Sky? Largest Free-Flying American Flag Torn To Shreds By Storm
0,"Police Shove, Make AP Journalists Stop Covering New York Protest"
0,Justin Trudeau Pauses For A Very Long Time Before Answering Question About Trump
0,Former Joint Chiefs Chairman Sounds Off On Trump: 'I Cannot Remain Silent’
0,Warren Calls For DOJ Probe Amid Reports Attorney General Ordered Protesters Removed
0,Houston Police Chief Rips Trump’s Violent Rhetoric: 'Keep Your Mouth Shut'
0,Brit Hume Slams Biden’s Call For Racial Justice As ‘Black Grievance Politics’
0,L.A. Residents Flood Zoom Meeting With Calls For LAPD Chief To Resign
0,Chilling Image Of Masked Soldiers Blocking Lincoln Memorial Draws Outcry Online
0,Trump Called In The Military To Scare Anti-Racist Protesters. They Showed Up Anyway.
0,SHOCK: White Supremacist Congressman Steve King Defeated In GOP Primary
0,Gianforte Wins In Montana's All-Mail Republican Governor Primary
0,Paulette Jordan Wins Idaho Senate Democratic Primary
0,Retired St. Louis Police Captain Killed Amid Unrest
0,Ferguson Just Elected Its First Black Mayor
0,"Even Pat Robertson Is Turning On Trump: 'You Just Don't Do That, Mr. President'"
0,Bronx Rep. Eliot Engel’s Hot Mic Moment Gives Progressive Opponent An Opening
0,Defense Secretary Says He 'Didn't Know' He Was Going With Trump To Photo-Op
0,Louisville Barbecue Chef Killed Amid Protests Leaves 'Great Legend Behind'
0,Trump Says RNC Will Pull Convention From North Carolina
0,Zuckerberg Says Trump's Inflammatory Facebook Post Doesn't Incite Harm: Report
0,The Militarization Of Local Police Has Been Decades In The Making
0,NFL Team Named For Racial Slur Gets Dragged For Blackout Tuesday Tweet
0,How People Are Protesting On The Streets After George Floyd's Death
0,"George W. Bush: George Floyd's Death Means It's Time To Listen, Not Lecture"
0,Top Senate Republicans Brush Aside Trump Gassing Protesters
0,Former Minneapolis Mayor: Democrats ‘Shouldn’t Be Afraid’ Of Police Unions
0,"North Carolina Dog Didn't Have Coronavirus After All, Officials Say"
0,D.C. Man Who Opened Door To Protesters: I Hope My Son Grows Up To Be Like Them
0,Washington Archbishop Condemns Trump's Visit To Catholic Shrine
0,Big Oil Wanted Changes To Worker Safety Rule. Emails Show Trump Official ‘Agreed.’
0,Minnesota Files Civil Rights Charge Against Police In George Floyd's Death
0,Facebook Engineer Resigns Over Zuckerberg's Handling Of Trump Posts
0,"Amid Uprisings, Schools Consider Terminating Their Contracts With Police"
0,Confederate Statue Taken Down In Virginia
0,Religious Leaders Say They Were Tear-Gassed For Trump's Church Photo-Op
0,Civil Rights Leaders Slam Zuckerberg After Meeting On Trump Posts
0,6 Atlanta Officers Charged After Brutally Pulling Students From Car
0,"Company Denied Woman Coronavirus Sick Leave, Then Fired Her: Lawsuit"
0,Biden Promises 'Era Of Action' To Battle Racial Inequality
0,L.A. Police Chief Walks Back Blaming Looters For George Floyd's Death
0,"China Delayed Releasing Coronavirus Info, Frustrating WHO: AP Report"
0,7 Races To Watch On The First Big Primary Day Of The Pandemic
0,"West Point Cadets Ordered Back For Trump's Speech Test Positive For Coronavirus, Army Says"
0,Death Toll Grows In National Protests Over George Floyd Police Killing
0,"Demonstrations, Violence Engulf Cities After Trump Threatens To Send In Troops"
0,"Conservative Icon George Will Urges Nov. Sweep: Vote Out Trump, All GOP Enablers"
0,Fox News Legal Analyst Delivers Withering Critique Of Trump’s Protests Rhetoric
0,Twitter Users Spot The Utter Hypocrisy Of Trump’s Past Advice About Protests
0,Ex-RNC Chair: Trump 'Does Not Believe In The Ideals Of This Country'
0,Judge Raises Suspicions With Appeals Court About DOJ Motives For Dropping Flynn Charges
0,'Beyond Gaslighting': NY Times Ripped For 'Pathetic' Front-Page Trump Coverage
0,D.C. Residents Open Their Doors To Save Protesters From The Police
0,"SUV Barrels Into Police Officers During Floyd Protest In Buffalo, Injuring 2"
0,"Gregg Popovich Unleashes On Trump: 'He's Not Just Divisive, He's A Destroyer'"
0,States Reject Trump’s Threat Of Military Crackdown: ‘Stay Out Of Our Business’
0,'Who's The Thug Here?': Anderson Cooper Unleashes On Donald Trump
0,'Revolting': Trump Gets Holy Hell On Twitter For Using Bible As Photo-Op Prop
0,"As Protests Swell, Trump Vows To Unleash Military Against Anti-Racist Demonstrations"
0,Of Course Donald Trump Gassed Americans For A Photo-Op
0,Louisville Police Chief Fired After Bodycams Left Inactive In Fatal Shooting
0,D.C. Church 'Outraged' That Trump Used It As Photo-Op
0,Trump Poses With Bible After Having Protesters Cleared Away With Tear Gas
0,Republicans Have Some Concerns With Donald Trump's Tone Right Now
0,Trump Justice Department Gears Up For War On Antifa ‘Terrorists'
0,Prosecutor Says No Charges In Deadly Shooting Of Omaha Protester James Scurlock
0,Donald Trump Vows To Crack Down On Anti-Racist Protests In Surreal Rose Garden Speech
0,"Families Of George Floyd, Breonna Taylor Urge Nonviolence Amid Protests"
0,Right-Wing Media’s Antifa Obsession Is Creating A Justification For Harsh Protest Crackdowns
0,Rush Limbaugh Tells Breakfast Club: 'I Don't Feel Like I'm A White Supremacist'
0,Minneapolis Police Chief: 3 Other Cops Were 'Complicit' In George Floyd’s Killing
0,Trump’s History Of Racism Catches Up To Him In Nation’s Worst Racial Crisis In Decades
0,Facebook Workers Stage 'Virtual Walkout' To Protest Inaction On Trump Posts
0,The World Is Watching America In Horror
0,Owner Whose Store Called 911 On George Floyd: 'I Wish The Police Were Never Called'
0,"EPA Mounts A New Strike On States’ Rights, This Time To Boost Pipeline Companies"
0,Autopsy Finds George Floyd's Death Due To 'Homicide By Asphyxia'
0,Trump's Tough Talk To Governors Compared To An Arsonist Blaming Fire Departments
0,"Dallas Police Asks Public To Snitch On Protesters, But People Troll Them Instead"
0,Facebook Employees Push Back On Zuckerberg's Non-Response To Trump Rhetoric
0,Florida Police Officer Suspended After Shoving A Kneeling Black Woman Amid Protest
0,Congo Faces 2nd Ebola Outbreak In Northern Province
0,Defund The Police
0,Tom Cotton Says Trump Should Deploy U.S. Military To Contain Protests
0,"Trump Calls Governors ‘Weak,’ Urges Tougher Crackdown On Protests"
0,"Left Without Work In The Lockdown, This Car Cleaner Became A TikTok Dance Sensation"
0,Lockdown Trapped Women In Violent Relationships. Their Abusers Might Kill Them When It Ends
0,Barack Obama Writes Essay On Effecting Real Change After George Floyd's Killing
0,"Protests, Erosion Of Trust In Government Upend Coronavirus Control"
0,Fauci Says Meetings With Trump On Coronavirus Have 'Dramatically Decreased'
0,Europe’s Landmark Coronavirus Package Puts Divisions Aside
0,Coronavirus Live Updates: Read The Latest About The COVID-19 Outbreak
0,"1 Dead After Louisville Police, National Guard Return Fire On Crowd, Officials Say"
0,"Ariana Grande, Tessa Thompson, Halsey Join George Floyd Protests"
0,Hong Kong Police Reject Application For Tiananmen Square Vigil
0,Black Congresswoman Pepper-Sprayed By Police During Ohio Demonstration
0,"Protesters Attack Confederate Monuments, Topple Statue"
0,Republican Group Rips Trump Supporters' Use Of Confederate 'Treason' Flag
0,"During Ferguson Protests, Trump Blamed The Guy In The White House"
0,AGAIN: Police Caught On Camera Pressing Knee Into Neck During Seattle Arrest
0,Buildings Set On Fire Near White House As George Floyd Protests Continue
0,Trump Was Reportedly Rushed To Underground Bunker For Protection During D.C. Protests
0,"Biden Visits George Floyd Protest Site, Urges Americans To Turn 'Anguish Into Purpose'"
0,Text
0,"After Weeks Of Anticipation, Trump Rally Crowd Underwhelms"
0,Twin Trump 'Bunker Baby' Balloons Make The Scene Ahead Of Tulsa Rally
0,Police Arrest Peaceful Protester Sitting Alone By Trump Rally Venue
0,Trump Fires U.S. Attorney Who Led Probes Of The President's Men
0,Joe Biden Raised More Money Than Donald Trump For The First Time
0,Florida Governor Ripped For Trying To Pin COVID-19 Spike On Hispanic Workers
0,The Coronavirus Pandemic Doesn't Care That We're All Bored With It
0,Judge Rejects White House Request To Block John Bolton's New Book
0,Mick Mulvaney Spectacularly Self-Owns With His 'One Criticism' Of Donald Trump
0,Tulsa Health Official Has A Stark Wake-Up Call For People Attending Trump Rally
0,What Reforming Police Unions Might Look Like
0,Robert E. Lee Statue Sleeps With The Fishes In Jim Carrey’s New Cartoon
0,Fox News' John Roberts Uses War Analogy To Describe Preparing For Trump Rally In Pandemic
0,3 Congressional Races To Watch In New York's Democratic Primary
0,Susan Rice Explains Exactly Why Trump's White House Is 'Racist To Its Core'
0,Scathing Supercut Shows How Quickly Trump Flips On His Once Most Trusted Aides
0,"Trump's 'Racist' Toddler Video Removed By Facebook,Twitter After Parent Complains"
0,Trump Compared To Segregationist George Wallace In Scathing Republican Ad
0,"Pressed Repeatedly To Say ‘Black Lives Matter,’ Mike Pence Says ‘All Lives Matter’"
0,"William Barr Says U.S. Attorney In Manhattan Is Resigning. U.S. Attorney Says No, He's Not."
0,US Attorney Who Oversaw Cases Of Trump Allies Steps Down
0,The Real Looters Of The Bronx
0,Anthony Fauci Warned White House That Tulsa Rally Would Be Dangerous: Report
0,Twitter Users Give Trump's Tulsa Rally Another Name: 'Coronapalooza'
0,Melania Trump Posts Juneteenth Tweet And Gets Reminded Of 'Birther' Past
0,"50 Years After MLK, Pastors Lead A New Poor People's March"
0,"TSA Worsened Coronavirus Pandemic, Whistleblower Says"
0,Trump Sets The Stage For Mayhem At Tulsa Rally
0,GOP Candidate Says Black Democratic Opponent Is 'NOT For ALL Virginians'
0,Court Says Trump Rally Attendees Don't Have To Wear Masks
0,Coloradans Are Getting Mysterious Texts Bashing Democratic Senate Candidate John Hickenlooper
0,Judge Doubts White House Can Keep Bolton Book Away From Public
0,Juneteenth Will Be An Official Holiday In New York City Starting In 2021
0,Juneteenth Brings Anti-Racism Protesters Out From Coast To Coast
0,Trump Threatens Protesters On Juneteenth
0,Donald Trump Vows To Keep Trying To End Dreamer Protections
0,Conservative Columnist Underscores The Magnitude Of What Bolton’s Book Reveals
0,Twitter Users Take Eric Trump To The Woodshed For Lame Swipe At Biden
0,Charles Booker Suddenly Has Progressives Excited About Kentucky
0,Arnold Schwarzenegger Goes Full Terminator On People Politicizing Face Masks
0,Most Americans Want Juneteenth To Become A National Holiday
0,"Trump Insists He's Healthy, Says West Point Ramp 'Was Like An Ice Skating Rink'"
0,Oklahoma Republicans Speak Out Against Trump Ahead Of Tulsa Rally
0,Twitter Adds 'Manipulated Media' Tag To Trump Tweet About 'Racist Baby'
0,Tennessee Lawmakers Advance 6-Week Abortion Ban In Overnight Vote
0,Fauci Warns Of Troubling ‘Anti-Science’ Beliefs As Nation Battles Coronavirus
0,"Klobuchar Withdraws From VP Search, Says Biden Should Select Woman of Color"
0,Senior State Department Official Resigns Over Trump’s Response To Racial Injustice
0,CBS Reporter Paula Reid Asks Trump Question All Journalists Should Ask
0,Republicans Running Anti-China Campaigns Shrug Off Trump Seeking China Reelection Help
0,Florida Sees Record Number Of Coronavirus Cases As Experts Eye Possible New Epicenter
0,The Supreme Court’s Landmark LGBTQ Rights Decision Didn't Address One Crucial Thing
0,Facebook Takes Down Trump Campaign Ads Featuring Nazi Iconography
0,Americans Are Losing Faith In What The Government Says About Coronavirus
0,"California Issues New, Stricter Statewide Mask Requirement"
0,Senate Confirms Mitch McConnell's 38-Year-Old Protege To Powerful Court Seat
0,‘We’re Here To Stay’: Dreamers Celebrate DACA Ruling
0,Lin-Manuel Miranda Burns John Bolton For Using 'Hamilton' Song As Book Title
0,Twitter Users Pile On Trump After He Asks If Supreme Court Dislikes Him
0,Trump Takes Credit For 'Making Juneteenth Famous' In Dumbfounding Interview
0,Republicans Dismiss Bombshell John Bolton Allegations Against Trump
0,The Trump Administration Has Left Workplace Safety Up To Your Boss
0,"Interior Dept. Consulted ‘Junk Science’ Troll On ‘Transparency’ Rule, Emails Show"
0,"Supreme Court Rules Trump Wrongly Ended DACA, Leaves Program In Place"
0,GOP Sheriff Who Refused To Enforce Coronavirus Lockdown Tests Positive At White House
0,Trump Rips Supreme Court Ruling That Saves DACA: 'Shotgun Blasts Into The Face'
0,Video Shows 6 American Oil Executives Jailed In Venezuela
0,Trump Begging Xi For Election Help May Crimp His Efforts To Paint Biden As Soft On China
0,"Why Biden Is Trouncing Trump With Young Voters: ‘Old Is Way, Way Better Than Liar’"
0,Nancy Pelosi Removes Portraits Of Confederate House Speakers From U.S. Capitol
0,Trump's Midnight Twitter Rant Against Bolton Backfires Spectacularly
0,Democrats Call For Permanent Protection Of Dreamers After Supreme Court’s DACA Ruling
0,Federal Prison Riot Team That Patrolled D.C. Streets Injured Colleagues In Training Exercises
0,"Obama Praises Supreme Court DACA Ruling, Says Biden Would Protect Dreamers"
0,Atlanta Police Officers Call Out Of Work After Officers Charged In Rayshard Brooks Case
0,'Disturbing’ Ivanka Trump Emails Resurface In Wake Of Bolton Book
0,Tucker Carlson’s Racist Rhetoric Laid Bare With The Help Of Some... Rabbits
0,"John Bolton: Trump Not Fit For Office, Putin Thinks He Can 'Play Him Like A Fiddle'"
0,Jennifer McClellan Could Make History As Virginia's First Black Female Governor
0,GOP Senator Tells Trump Fans At High Risk For Coronavirus To Skip Rally
0,WaPost Board: Pence Destroys Own Credibility By Ignoring Coronavirus Reality
0,Rep. Cedric Richmond Calls Out Matt Gaetz In Fiery Exchange: 'Was That A Nerve?'
0,Chris Hayes Goes To Town On ‘Morally Odious’ Bolton: Trying To 'Cash In On Betrayal'
0,"Trump Says Police Killing Of Rayshard Brooks ‘Terrible,’ But ‘You Can’t Resist’ Officers"
0,Trump Excoriates John Bolton Ahead Of Book Release: 'He Is A Liar'
0,Justice Department Seeks Restraining Order Against John Bolton Over New Book
0,‘That 70s Show’ Actor Danny Masterson Charged With Raping 3 Women
0,Welcome To The Mask Wars
0,Bolton Claims Trump Encouraged Xi To Build 'Concentration Camps' For Uighurs
0,Israel Hawks Are Scrambling To Save Democratic Rep. Eliot Engel
0,Bolton Claims Trump Asked China's President For Favor To Boost Reelection Chances
0,ACLU Drags John Bolton's Record After He Retweets Support Of His Book Release
0,Tulsa Health Official Urges Rally Postponement As Oklahoma Sees Spike In COVID-19 Cases
0,"Carol Barr, Wife Of GOP Rep. Andy Barr, Dies Suddenly At Age 39"
0,Senate Passes Major Public Lands Bill
0,Assault Charges For Missouri Detective Accused Of Hitting Protester With SUV
0,White House Won't Say If Medical Professionals OK'd Trump Rally
0,GOP Cowardice On Trump Takes Center Stage In Scathing New Supercut
0,Mississippi Official: Black People 'Dependent' Since Slavery
0,The Police Aren't Very Good At Their Main Job: Solving Crimes
0,"5 Years After Charleston Church Shooting, South Carolina Protects Racist Monuments"
0,Don Winslow Exposes The Art Of Trump’s Fake Victory Lap
0,Book By Trump’s Niece To Reveal He ‘Derided’ Father’s Alzheimer’s Struggles
0,Anthony Fauci Hasn’t Talked With Trump About Coronavirus In 2 Weeks
0,'As Pathetic As It Is Reckless': Mike Pence Hammered Over Coronavirus Op-Ed
0,Trump Gets Hit With Blunt Fact-Check For AIDS Vaccine Falsehood
0,Judge Orders Trump Administration To Give Tribes Their COVID-19 Relief Funds
0,Ingraham Shows She’s Either Oblivious To Trump's Racism — Or Is Gaslighting You
0,Republican Group Questions Trump’s Health: ‘It’s Time We Talk About This’
0,3 States See Record High In Daily Coronavirus Infections After Reopening
0,New Mexico Shooting Raises Specter Of Right-Wing Violence Around Statue Protests
0,White House Steps Up Effort To Downplay Coronavirus Concerns
0,Pence Says All 50 States Reopening In 'Responsible Manner.' Fauci Says Otherwise.
0,Mississippi Set To Become The 13th State To Criminalize Fossil Fuel Protests
0,Far-Right 'Boogaloo' Supporter Charged With Murder In Deaths Of Officers
0,Virginia Democrats Could Elect The First Black Physician To Congress
0,'Woefully Inadequate': Trump Order Falls Short Of Broader Push To Curb Cop Abuse
0,Trump Administration Sues To Block Release Of Bolton Book
0,Trump Claims COVID-19 Will Go Away And That An AIDS Vaccine Exists. It Doesn’t.
0,Nebraska Democrats Renounce Their Senate Pick Over Comments
0,"Trump Says He Gave Out 1 Million Tickets To His Tulsa Rally. That Means 980,801 Fans Won't Fit."
0,Ilhan Omar Isn't Done Fighting
0,Congress Could Make Juneteenth A National Holiday
0,The Democratic Party Launches Its First 2020 Ad Campaign Targeting Trump
0,PG&E Pleads Guilty To Involuntary Manslaughter Of 84 People In Deadly California Fire
0,"The Coronavirus Is Still Spreading, Trump And Congress Are Still Dithering"
0,"‘So True!’ Trump Mocked For Retweeting Himself, Then Agreeing With Himself"
0,Ex-Trump Aide Sebastian Gorka May Get Role Atop Voice Of America: Report
0,"Laura Ingraham Calls Fauci ‘Medical Deep State,’ Tells Trump To Ignore Rally Virus Warnings"
0,Anderson Cooper Debunks Trump's Latest Coronavirus Claim With Basic Child Psychology
0,Dr. Sanjay Gupta: Trump Rally Is ‘Worst-Case Scenario’ For Spreading Coronavirus
0,Pence Tells Governors To Share Misleading Facts About Coronavirus Infections: Reports
0,Rep. Ilhan Omar’s Father Dies From Complications Of COVID-19
0,Fox News Presses Larry Kudlow On COVID-19 Spikes After He Declared No Second Wave
0,"Trump Rally Not Welcome Here, Snaps Tulsa Newspaper Editorial"
0,Pence Says Oklahoma COVID-19 Cases Have 'Flattened' — 2 Days After Record Jump
0,NYPD To Reassign 600 ‘Anti-Crime’ Plainclothes Officers Amid Protests
0,Trump Suggests Stopping COVID-19 Tests Would Result In Fewer Cases
0,Oklahoma Governor Invites Donald Trump To Visit Site Of Tulsa Race Massacre
0,Charles Booker Hits Amy McGrath For Skipping Anti-Racism Protests In New Kentucky Senate Ad
0,John Cleese Mocks Fox News For Confusing Monty Python With CHAZ Protesters
0,Partisan Fault Lines Emerge In Congress Over Police Reform
0,Supreme Court Says LGBTQ Employees Are Protected By Civil Rights Employment Statutes
0,Trump’s Niece To Publish Tell-All Including ‘Salacious’ Details About President: Report
0,Chilling New Footage Shows Police Officer Ignoring Pleas To Help George Floyd
0,Trump Tweet Mocking Obama’s ‘Unpresidential’ Walk Resurfaces After Ramp Incident
0,Larry Kudlow Vows End To $600 Unemployment Aid As 'Disincentive' To Work
0,Ben Carson Tells U.S. To 'Grow Up' Over Racist Gripes; Stacey Abrams Calls Him 'Infantile'
0,Police Video Shows Rayshard Brooks Sobriety Test Quickly Turning Deadly
0,White House Adviser: No 'Transparency' Promise Ever Made Over Billions In Loans
0,Joe Biden Has Problems He Can’t Solve From His Basement
0,Fox News is Lying About Seattle’s ‘Autonomous Zone’
0,Health Expert Calls Trump's Tulsa Rally 'Extraordinarily Dangerous Move’
0,Trump Tries To Explain Awkward West Point Walk That Lit Up Twitter Critics
0,Protesters Light Fire Inside Wendy's Where Atlanta Police Killed Black Man
0,Florida Hits Biggest Daily COVID-19 Jump As It Gears Up For GOP Convention
0,Secret Service Finally Admits It Used Pepper Spray On Protesters Before Trump Church Pic
0,"U.S. Embassy in Seoul, South Korea, Unfurls Giant Black Lives Matter Banner"
0,Melania Trump Used Delay In White House Move To Renegotiate Prenup: Book
0,Atlanta Police Chief Resigns After Cop Kills Black Man At A Wendy's (UPDATE)
0,TikTok Comedian Sarah Cooper Spills Secrets On Lip-Synching Trump In Jimmy Fallon Interview
0,"Trump 'Exploited Sacred Symbols,' Says Church Where He Married Melania"
0,Trump Administration Says It's Not Forcing People Back To Work. Workers Disagree.
0,'A Setup For Disaster': Doctors Issue Ominous Coronavirus Warnings About Trump Rally
0,Trump Is ‘Too Small To Meet The Moment’ In New Biden Attack Ad
0,Lindsey Graham In New Ad: 'Joe Biden Is As Good A Man As God Ever Created'
0,"Ariana Grande, Tessa Thompson, Halsey Join George Floyd Protests"
0,Buildings Set On Fire Near White House As George Floyd Protests Continue
0,Minnesota Files Civil Rights Charge Against Police In George Floyd's Death
0,How People Are Protesting On The Streets After George Floyd's Death
0,"As Congress Tries To Reform Policing, Democrats Face Classic Legislative Dilemmas"
0,Black Congresswoman Pepper-Sprayed By Police During Ohio Demonstration
0,Big Oil Wanted Changes To Worker Safety Rule. Emails Show Trump Official ‘Agreed.’
0,Facebook Employees Push Back On Zuckerberg's Non-Response To Trump Rhetoric
0,"Tennessee Must Allow Vote By Mail For All Amid Coronavirus Pandemic, Judge Rules"
0,George Floyd's Son Visits Site Where Father Was Killed: 'We Want Justice'
0,California Vows To Take Steps To Protect Protesters From Police Abuse
0,Tom Cotton Says Trump Should Deploy U.S. Military To Contain Protests
0,California Lawmakers Block Facial Recognition Bill Amid Protests Against Racist Policing
0,Curfews Make Life Even Harder For Essential Workers
0,The Police Have Shown Their True Colors
0,Trump's Tough Talk To Governors Compared To An Arsonist Blaming Fire Departments
0,Defense Secretary Says He 'Didn't Know' He Was Going With Trump To Photo-Op
0,New Jobs Report Diminishes GOP Appetite For More Virus Aid
0,Senate Democrats Kneel In Protest Of Racial Injustice
0,NYPD Uses Aggressive Tactics On Peaceful Demonstrators Out After Curfew
0,Yosemite National Park To Reopen This Week
0,"Pentagon Adviser Resigns, Slams Defense Secretary Esper Over Trump Photo-Op"
0,Trump Says RNC Will Pull Convention From North Carolina
0,Rev. Al Sharpton Slams Trump: 'We Cannot Use Bibles As A Prop'
0,Trump Orders Withdrawal Of National Guard In D.C. As Anti-Racism Protests Continue
0,7 Races To Watch On The First Big Primary Day Of The Pandemic
0,NFL QB: Drew Brees: 'I Will Never Agree With Anybody Disrespecting The Flag'
0,"COVID-19's Economic Fallout Is Hitting The Black Community Hard, Too"
0,Confederate Statue Taken Down In Virginia
0,The Fight To Fix Policing Starts At The City Council
0,'We Have No Choice': Minneapolis City Council President Wants To 'Dismantle' The Police
0,Trump Cheers Tom Cotton After Times Editor’s Exit Over Op-Ed
0,IBM To End Facial Recognition Business And Oppose Use For Surveillance By Police
0,White House Forces Press To Breach Social Distancing Guidelines Because It 'Looks Better'
0,Curfews Make Life Even Harder For Essential Workers
0,The Police Have Shown Their True Colors
0,Ex-RNC Chair: Trump 'Does Not Believe In The Ideals Of This Country'
0,Trump Called In The Military To Scare Anti-Racist Protesters. They Showed Up Anyway.
0,Drew Brees Stands Against Trump: Racial Justice Protests 'Not About The American Flag'
0,DC Mayor Has 'Black Lives Matter' Painted On Street Leading To White House
0,The World Is Watching America In Horror
0,Mitt Romney Joins Black Lives Matter Protesters Marching Toward White House
0,Prosecutor Says No Charges In Deadly Shooting Of Omaha Protester James Scurlock
0,'Live PD' Dropped By A&E On Heels Of 'Cops' Cancellation
0,Marine Corps Bans Confederate Flag From Public Display
0,Justin Trudeau Pauses For A Very Long Time Before Answering Question About Trump
0,Senate Passes Bill To Give Paycheck Protection Plan Loan Recipients More Flexibility
0,'Live PD' Dropped By A&E On Heels Of 'Cops' Cancellation
0,California Mayor Resigns After Email About Police Brutality Sparks Outrage
0,Trump Administration Proposes Sweeping Asylum Restrictions
0,Attorney General Bill Barr Denies Nation's Police Are Systemically Racist
0,Right-Wing Media’s Antifa Obsession Is Creating A Justification For Harsh Protest Crackdowns
0,New York City Curfew Lifts Early Following Peaceful Protests
0,Of Course Donald Trump Gassed Americans For A Photo-Op
0,Watchdog Calls For FBI Probe Into Medical And Pharma Stock Holdings Of Pence Chief Of Staff
0,Zuckerberg Says He'll Review Policies That Allowed Trump's Inflammatory Post
0,Pentagon Threat Sparked Shocking Crackdown On Protesters For Trump Photo Op: Report
0,"For Black Women, There's Nothing To Celebrate In The Unemployment Numbers"
0,"Trump Calls Governors ‘Weak,’ Urges Tougher Crackdown On Protests"
0,Tiffany Trump Joins Blackout Tuesday Campaign On Instagram
0,Biden Formally Secures Democratic Presidential Nomination
0,Trump’s Occupation Of D.C. Fuels Calls For Statehood
0,Minneapolis Police Dept. Withdrawing From Union Negotiations
0,Twitter Users Spot The Utter Hypocrisy Of Trump’s Past Advice About Protests
0,California Gov. Newsom Likes To ‘Go Big’ But Doesn’t Always Deliver
0,Attorney General Bill Barr Denies Nation's Police Are Systemically Racist
0,George Floyd's Brother To Congress: 'Stop The Pain'
0,John Kelly Defends Jim Mattis Against 'Nasty' Trump Twitter Attack
0,Houston Police Chief Rips Trump’s Violent Rhetoric: 'Keep Your Mouth Shut'
0,"Democrats Unveil Police Reform Overhaul, Kneel At Capitol To Honor George Floyd"
0,"SUV Barrels Into Police Officers During Floyd Protest In Buffalo, Injuring 2"
0,New York Legislature Votes To Repeal Law Shielding Police Disciplinary Records
0,Sen. Susan Collins Loses Endorsement Of Major Gun Control Group
0,Biden Promises 'Era Of Action' To Battle Racial Inequality
0,NYT Staffers Slam Paper For Publishing Senator's 'Send In The Troops' Op-Ed
0,White House Security Barred Clergy From Holding Vigil Outside Church
0,2020 Isn't 1968 And Donald Trump Isn't Richard Nixon
0,Obama Offers Further Support Of Anti-Racism Protests: 'I'm Proud Of You Guys'
0,Civil Rights Leaders Slam Zuckerberg After Meeting On Trump Posts
0,"With Trump MIA, Senate Republicans Go It Alone On Police Reform Efforts"
0,Joe Biden Calls On Facebook To Change Political Speech Rules
0,Republicans Push 'Return To Work Bonus' As Alternative To Unemployment
0,States Reject Trump’s Threat Of Military Crackdown: ‘Stay Out Of Our Business’
0,Trump White House Believes 'Defund The Police' Is A Political Gift
0,"Company Denied Woman Coronavirus Sick Leave, Then Fired Her: Lawsuit"
0,Defense Secretary: 'I Do Not Support Invoking The Insurrection Act'
0,Pulitzer-Winning Pandemic Reporter On Coronavirus: We're Far From Out Of The Woods
0,Trump Has Lost His Favorite Talking Point About Black Unemployment
0,Facebook To Label State-Controlled Media Organizations
0,Obama Steps Out As Nation Confronts Confluence Of Crises
0,Trump Justice Department Gears Up For War On Antifa ‘Terrorists'
0,EPA Said Giving Polluters A Pass Protected Its Workers. Its Own Union Says That’s Gaslighting.
0,Evangelical Leader Calls On Denomination To Retire Gavel Named For Slaveholder
0,"Tammy Duckworth: Trump's Use Of Military Against Protesters Is ""Disgusting"""
0,Evangelical Leader Calls On Denomination To Retire Gavel Named For Slaveholder
0,"Civil Rights Groups Sue Trump, Barr After Violent Dispersal Of Protesters Outside White House"
0,Blind Voters Fear Loss Of Privacy With Shift To Mail Voting
0,"Tammy Duckworth: Trump's Use Of Military Against Protesters Is ""Disgusting"""
0,Retired General Spots Exact Moment The American Experiment Started To Crumble
0,George Floyd's 6-Year-Old Daughter In Viral Video: 'Daddy Changed The World'
0,Fauci Says Meetings With Trump On Coronavirus Have 'Dramatically Decreased'
0,Donald Trump Pokes At Roger Goodell For Encouraging NFL Player Protests
0,Democratic Leaders Play Catch-Up On Black Lives Matter Movement
0,'Appalled' Jim Mattis Says Trump Has Divided The Nation
0,Barack And Michelle Obama Advise Graduates How To Utilize Turmoil
0,Ithaca Could Be The First U.S. City To Move Forward On Canceling Rent
0,Biden Campaign Says He Doesn't Support Defunding The Police
0,Public Opinion Is On The Side Of The Protests. That's New.
0,"Amid Uprisings, Schools Consider Terminating Their Contracts With Police"
0,Police Violence Videos Thwarting Officers Attempts To Control Narrative
0,Justin Trudeau Takes A Knee During Anti-Racism Protest
0,Trump's Approval Among White Catholics Has Slipped
0,Wisconsin Gym Under Fire For 'I Can't Breathe' Workout
0,Washington Post Editorial Issues Dire Warning To Trump Aides 'Enabling His Incitement'
0,Washington Post Editorial Issues Dire Warning To Trump Aides 'Enabling His Incitement'
0,States Have Put 54 New Restrictions On Peaceful Protests Since Ferguson
0,Progressive Groups To Spend Big On Unseating Bronx Rep. Eliot Engel
0,Trump’s History Of Racism Catches Up To Him In Nation’s Worst Racial Crisis In Decades
0,"Twitter Axes 32,000 State-Linked Propaganda Accounts From Russia, China And Turkey"
0,"Democrats Knock GOP Police Reform Bill, Call For 'Improvement'"
0,Curfews Make Life Even Harder For Essential Workers
